Polarity,Processed_Tweets
0,Awww thats a bummer  You shoulda got David Carr of Third Day to do it D
0,is upset that he cant update his Facebook by texting it and might cry as a result  School today also Blah
0,I dived many times for the ball Managed to save 50  The rest go out of bounds
0,my whole body feels itchy and like its on fire
0,no its not behaving at all im mad why am i here because I cant see you all over there
0,not the whole crew
0,Need a hug
0,hey  long time no see Yes Rains a bit only a bit  LOL  Im fine thanks  hows you
0,nope they didnt have it
0,que me muera
0,spring break in plain city its snowing
0,I just repierced my ears
0,I couldnt bear to watch it  And I thought the UA loss was embarrassing
0,It it counts idk why I did either you never talk to me anymore
0,i wouldve been the first but i didnt have a gun    not really though zac snyders just a doucheclown
0,I wish I got to watch it with you I miss you and   how was the premiere
0,Hollis death scene will hurt me severely to watch on film  wry is directors cut not out now
0,about to file taxes
0,ahh ive always wanted to see rent  love the soundtrack
0,Oh dear Were you drinking out of the forgotten table drinks
0,i was out most of the day so didnt get much done
0,one of my friend called me and asked to meet with her at Mid Valley todaybut ive no time sigh
0,I baked you a cake but I ated it
0,this week is not going as i had hoped
0,blagh class at 8 tomorrow
0,I hate when I have to call and wake people up
0,Just going to cry myself to sleep after watching Marley and Me
0,im sad now  MissLilly
0,ooooh LOL  that leslie and ok I wont do it again so leslie wont  get mad again
0,Meh Almost Lover is the exception this track gets me depressed every time
0,some1 hacked my account on aim  now i have to make a new one
0,I want to go to promote GEAR AND GROOVE but unfornately no ride there  I may b going to the one in Anaheim in May though
0,thought sleeping in was an option tomorrow but realizing that it now is not evaluations in the morning and work in the afternoon
0,awe i love you too 1 am here  i miss you
0,I cry my asian eyes to sleep at night
0,ok Im sick and spent an hour sitting in the shower cause I was too sick to stand and held back the puke like a champ BED now
0,ill tell ya the story later  not a good day and ill be workin for like three more hours
0,sorry bed time came here GMT1
0,I dont either Its depressing I dont think I even want to know about the kids in suitcases
0,Bed Class 812 Work 123 Gym 35 or 6 Then class 610 Another day thats gonna fly by I miss my girlfriend
0,really dont feel like getting up today but got to study to for tomorrows practical exam
0,Hes the reason for the teardrops on my guitar the only one who has enough of me to break my heart
0,Sad sad sad I dont know why but I hate this feeling  I wanna sleep and I still cant
0,Awww I soo wish I was there to see you finally comfortable Im sad that I missed it
0,Falling asleep Just heard about that Tracy girls body being found How sad  My heart breaks for that family
0,Yay Im happy for you with your job But that also means less time for me and you
0,Just checked my user timeline on my blackberry it looks like the twanking is still happening  Are ppl still having probs w BGs and UIDs
0,Oh manwas ironing s fave top to wear to a meeting Burnt it
0,is strangely sad about LiLo and SamRo breaking up
0,oh im so sorry  i didnt think about that before retweeting
0,Broadband plan a massive broken promise  via wwwdiigocomtautao Still waiting for broadband we are
0,Wow tons of replies from you may have to unfollow so I can see my friends tweets youre scrolling the feed a lot
0,our duck and chicken are taking wayyy too long to hatch
0,Put vacation photos online a few yrs ago PC crashed and now I forget the name of the site
0,I need a hug
0,Not sure what they are only that they are PoS As much as I want to I dont think can trade away company assets sorry andy
0,I hate when that happens
0,I have a sad feeling that Dallas is not going to show up  I gotta say though youd think more shows would use music from the game mmm
0,Ugh92 degrees tomorrow
0,Where did u move to  I thought u were already in sd  Hmmm Random u found me Glad to hear yer doing well
0,I miss my ps3 its out of commission  Wutcha playing Have you copped Blood On The Sand
0,just leaving the parking lot of work
0,The Life is cool But not for Me
0,Sadly though Ive never gotten to experience the post coitus cigarette before and now I never will
0,I had such a nice day Too bad the rain comes in tomorrow at 5am
0,too bad I wont be around I lost my job and cant even pay my phone bill lmao aw shucks
0,Damm back to school tomorrow
0,Mo jobs no money  how in the hell is min wage here 4 fn clams an hour
0,Not forever See you soon
0,agreed I saw the failwhale allllll day today
0,Oh Haha dude I dont really look at em unless someone says HEY I ADDED YOU Sorry  Im so terrible at that I need a pop up
0,Im sure youre right    I need to start working out with you and the Nikster Or Jared at least
0,i really hate how people diss my bands  Trace is clearly NOT ugly
0,Gym attire today was Puma singlet Adidas shortsand black business socks and leather shoes  Lucky did not run into any cute girls
0,Why wont you show my location
0,No picnic  my phone smells like citrus
0,My donkey is sensitive about such comments Nevertheless hed and med be glad to see your mug asap Charger is still awol
0,No new csi tonight  FML
0,i think my arms are sore from tennis
0,wonders why someone that u like so much can make you so unhappy in a split seccond  depressed
0,sleep soon i just hate saying bye and see you tomorrow for the night
0,just got ur newsletter those fares really are unbelievable shame I already booked and paid for mine
0,missin the boo
0,Me too  itm
0,Damn I dont have any chalk MY CHALKBOARD IS USELESS
0,had a blast at the Getty Villa but hates that shes had a sore throat all day Its just getting worse too
0,hey missed ya at the meeting  sup mama
0,My tummy hurts  I wonder if the hypnosis has anything to do with it If so its working I get it STOP SMOKING
0,why is it always the fat ones
0,Sorry babe  My fam annoys me too Thankfully theyre asleep right now Muahaha evil laugh
0,I should have paid more attention when we covered photoshop in my webpage design class in undergrad
0,wednesday my bday dont know what 2 do
0,Poor cameron the hills
0,pray for me please the ex is threatening to start sh at myour babies 1st Birthday party what a jerk and I still have a headache
0,hmm   do u really enjoy being with him  if the problems are too constants u should think things more  find someone ulike
0,Strider is a sick little puppy
0,so ryleegracewana go steves party or not SADLY SINCE ITS EASTER I WNT B ABLE 2 DO MUCH  BUT OHH WELL
0,hey I actually won one of my bracket pools Too bad it wasnt the one for money
0,YOU dont follow me either  and i work for you
0,A bad nite for the favorite teams Astros and Spartans lose  The nite out with TW was good
0,Body Of Missing Northern Calif Girl Found Police have found the remains of a missing Northern California girl
0,I hope they will increase the capacity fast yesterday was such a pain Got the fail whale 15 times in 2 hours
0,Behind on my classes for work
0,watching quotHousequot
0,Remember my bum leg Strikes back this time its serious
0,cool i will their are all kinds of complaints about this laptop online about overheating but no recalls
0,Emily will be glad when Mommy is done training at her new job She misses her
0,would rather the first party send bad messages than the 3rd party send mixed ones  Sophmore year all over again
0,its overrated
0,i know I heard it this afternoon and wondered the same thing Moscow is so behind the times
0,laying in bed with no voice
0,Im sooo sad they killed off Kutner on House  whyyyyyyyy
0,Sorry  tell them mea culpa from me and that I really am sorry
0,it didnt make any sense to me the suicide thing I refuse to believe that that is actually what happened
0,hope your ok
0,Damn The grind is inspirational and saddening at the same time  Dont want you to stop cuz I like what u do Much love
0,yeah aw but i know i wudnt stand a chance
0,ugh cant sleep its 130am
0,Hanging in Crooners Wanna sing Cant Sucks
0,aaw i miss ya all too im leaving to BH tomorrow quotmorningquot i think aww i wanna go to the beach w u girls
0,Is pissed off that theres no ASBAs for a radio station
0,wednesday my bday n dont know what 2 do
0,I know my life has been flipped upside down when I just thought in my head that some Ramen sounds good
0,I am in pain My back and sides hurt Not to mention crying is made of fail
0,Late night snack glass of OJ bc Im quotdown with the sicknessquot then back to sleepugh I hate getting sick
0,but but but Im not a big fan on camilla belle
0,WAH I cant see clip must be elstupido work filters Cant wait till I get a puter Something else 2 blame ex 4 He broke mine
0,This week just seems to get longer and longer in terms of how much I need to do and how much Im actually going to get done
0,Im so cold
0,Ehhh dont Weathers gonna take a turn for the ugly tomorrow
0,haha its so cooooold in the d and no  but you should still go to the show they do some incredible stuff
0,Hoping the tummy rumbles go away soon
0,No no notice They told me Id be working tomorrow and then I called the agency to follow up and they said it was over
0,almost bedtime
0,Im missing you babe  but as long as your alive Im happy Yawwwnn Im tired my love imma try to sleep hopefully you had a headstart
0,Aghsnow
0,i miss kenny powers
0,Thank you for letting people know but now Im sad that the direct message I got wasnt actually from Bridget
0,and India missed out its 100th Test victory n 10th consecutive win without a loss
0,I guess thats a no then
0,sadly is going to bed
0,Shame to hear this Stephan
0,hey im leavin in the morning
0,Was intending to finish editing my 536page novel manuscript tonight but that will probably not happen And only 12 pages are left
0,laid around too much today now my head hurts
0,I still havent read the 9thamp10th Princess diaries  Saving Francesca made me cry at the end Hmm those are easy books
0,my nokia 1110 died
0,My mom might have breast cancer wont find out anything for Like a week Im so worried
0,Going to sleep Hoping tomorrow is a better day
0,lol wish they understood daylight savings has ended though and breakfast is an hour later  They keep waking the kids up too
0,that is lame
0,I dont understand I really dont
0,HEROES just isnt doing it for me this season
0,Living not downtown sure isnt much fun
0,Not calorie wise   I wish junk food was calorie free I ate a thing of sour skittles and a big ass cherry coke
0,Man Work is Hard
0,getting sick  time for some hot tea studying and then sleeeep
0,Getting eyebrows waxed More pain
0,No phantasy star yesterday  going to work
0,Oh  Just got all my MacHeist 30 apps  sweet Didnt get the Espresso serial no though although they said they sent it  oh well
0,Picked Mich St to win it all from the get go  Was feeling pretty good about that pick all the way up untiltonight  As lost too
0,is alone downstairsworking
0,I feel bad for doing it
0,is it just me or she hates anoop i mean seriously shes kinda mean to him
0,yes sprint has 4g only in baltimore and chicago so far
0,Im stuck awake in the middle of the night for the second day in a row And I felt terrible yesterday
0,Thanks for bursting my bubble
0,Going to school soon cant find anything to wear gosh its so hard
0,I was serious  LOL
0,I had on my page for sooooo long Until it got deleted  Sad day in history
0,Crazy wind today  no birding
0,currently at work
0,Grrr my ipods acting weird too Jai ho and thinking of you arent playing the full songs ughh
0,send me the DVD cos I have missed out on heaps  NOT happy about that
0,i dont see the big deal with this website
0,Im so sorry youre having to go through this Again  therapyfail
0,Far too out of the way for rail  any other tips
0,Im not still up I swear Why do I keep losing gaining losing gaining tweeps  So heart wrenching
0,Today I realized I am too good at hiding things even I cant find it
0,Staying at a friends househouse sitting neighbors are SO loudhaving a party
0,danny im upset that i wasnt here to watch the live chat  i was in a car for 3 hours on a trip im soooo upset
0,Check out my mug
0,Borders closed at 10
0,Downloading NINs new album quotthe slipquot  when the hell did this come out Im so behind the times these days
0,Just woke up an already have written some email Ive to go early at University today as I have to teach at 830 AM
0,is watching the hill   and its making me sad
0,So many channels yet so so boring lazy day again  may have to find a hobby
0,I miss my buddy  ill be in NY on the 25th
0,love the french I tell people here in the south im qtr french and they snarl at me  french are beautiful people
0,Opps As I said I still got one day remain and now problem come
0,I activated my Selfcontrol block early meaning I cant check out the new QC  Regularizing my internal clock is might be difficult fb
0,oH NO
0,spencer is not a good guy
0,What about Reese dying on TTSC And season finale next week  24 boring Madame President is a crazy woman
0,I hate the limited letterstooHope you and the guys are fineI pray for my dogshes not well
0,didnt get shit done today  im so screwed
0,wanttss to go out
0,Is not going to sleep tonite
0,too worried and tired to post tonight
0,couldnt get shit done today  im so screwed
0,Job Interview in Cardiff today wish me luck Got about 3 hours sleep
0,Your show is whack Way worse than whack its wiggetywhack
0,I really dont think people choose to be that way But I think he chose not to accept my familys help   He might be dead by now
0,Youre going to kill me but Ive not seen DS9 Ive been waiting till I can do it in one solid week sitting
0,i think ur right hahaha 45 hrs now
0,i hate to see the spartans so sad
0,My mind and body are severely protesting this quotgetting upquot  thing Had nightmares to boot
0,Im goin to follow u since u didnt  LOL  GO ANGELS
0,
0,I think I want to read some books but the library doesnt have them
0,My nap was interrupted so many times today  Going out for Japanese with the rents again
0,Kind of longs for the bus that shows up at the end of Ghost World right now Ugh
0,but this is canada  canada is weird were supposed to get snow through wednesday ugh
0,Awwh babs you look so sad underneith that shop entrance of quotYesterdays Musikquot  O I like the look of the new transformer movie
0,sad that the feet of my macbook just fell off
0,Im gonna get up late tomorrow and its 132am here I gonna get tipsy by my lonesome Thatsthats just sad
0,Im sweating my forthcoming trip to E3  If I cant find someone to crash with while Im out there I may be screwed
0,Has now gotten somebody to read his tweets but cant get them to make an account
0,omgawd i couldnt handle my cat being in heat all the time D D
0,I hope i can make it to the auburn show but its not looking good for me
0,thats people mag haha i couldnt fit it all in i dont think those pictures ever made it in the magazine tho  haha
0,Congrats  i totally forgot to submit photos
0,awww Good luck Paula Please dont work too hard  but I hope you have fun  Your new album is gonna be amazing  xxx
0,now your leaving me   gets sad
0,I miss you twitter My phone broke now Im using a stupid Nokia phone Ughhh I miss my advance phone
0,SHOOTING OUTSIDE MY HOUSE O NOT KIDDING So SCARED
0,Tuesdayll start with reflection n then a lecture in Stress reducing techniques That sure might become very useful for us accompaniers
0,What tragedy and disaster in the news this week
0,yes yes still trying to find a picture that will upload correclty
0,Why oh why was the Red Sox game rained out I was so looking forward to opening day
0,I still cant find my keys
0,I know right I dunno what is going on with twitter
0,might be getting a sore throat again
0,my home town My mammy called all depressd  Pls explain y a parent let their 8yr old child walk alone Hello Its 2009
0,I think I need to find better antidepressants  I think this PaxilWellbutrin combo is losing its efficacy
0,Restaurant called WoodNTap has competitive eating tourney round tourney time We place 2nd
0,is in the bathroom wake up lakin
0,i want tacos and margarhitas  telll gay i say hellolt3
0,im lonely  keep me company 22 female california
0,bad day at the betfair office
0,I miss him  Cant wait to celebrate the Tar Heel win this weekend though
0,Im really cold I dont want to go to sleep yet but theres nothing to do
0,is this it 4 u Its  officially over  4 me this go round
0,monkeys i just found out you my twin and you wont even write back  im heartbroken
0,Aww  I know I felt like that yesterday at work
0,treaty isnt defined
0,missed Brent at praise band   No fun to not have the your lead guitarist  ltpoutgt
0,poor john  this is what happens when you play with fruit and a microwave Seriously though HAVE you seen a doctor Xxx
0,Missing My BFF  watching home and away it reminds me of her and me  we lt3 It shout out to u courts
0,
0,New video card is DOA
0,feeling lost naked and confused JK sort ofno iphone for me
0,Damn i am so late at filling this appraisal form people have almost sent it  i was so occupied in work
0,missed Brent at praise band  No fun to not have your lead guitarist ltpoutgt
0,i think to much on the past i cant change it i deserved so much more then wat i got but why am i still thinking about him  gah
0,has lost his ring Its nowhere to be seen
1,Okay so the plan is to go to hot topic and buy all the harry potter stuff I can
1,digitalbritain on page 11 and bored alreadymind you nothing can hold my attention these days
1,loved the cameo made me chuckle along with your SXSW talk over the past couple of shows
1,Headed 2 Islands of Adventureit is SO hot Cant wait 2 ride Spiderman  I love that ride
1,WE GET TO KEEP OUR HOUSE
1,really  i think im getting the hang
1,haha I know thats why I said I like Comcast so much because of their Twitter crew
1,goood morning biking to hannas for breakfast
1,Haugesund airport waiting for the Oslo plane Ndc09 next
1,Why Would I Go Hard When This Sht Is So Easy  Nicki Minaj
1,enjoyinglake tahoe wmy redhead
1,To Whoever Invented Philly Cheese Steaks I Thank You And Right Now So Does My Tummy
1,GUNA LISTEN 2 MUCH BETTER NEXT C WHAT JOE HAS 2 HIDE
1,is going tanning hopfully get a lil more darker  love yas c ya xoxo
1,I hope it all goes well for you at the Dr today
1,it was an amazing race and the more I think about it the more I want to try it again Im sure I can do better
1,I love you cant wait for this weekend
1,What are truancy laws like in the US I do hope those four biches get in trouble
1,good times indeed
1,I had a good work out day today
1,just got off work im exhausted worked real hard today JK LMAO i only worked 3 hrs
1,l0l isnt it the best I swear Ive seen every episode
1,erm sorry to burst your bubble but soccer has also ended unless u wanna watch e world cup qualifying haha
1,i cant wait for born to run
1,Good morning everyone
1,Production meeting tonight Trying to do the fundraiser to get money to do it By the way worked on the music dept vid yet
1,come run to Bklyn
1,Dintist today My teeth are excited lol  HOME ALONE for a week and im startin it off with my Fantastic 5 tonight Were havin a date
1,Thank you
1,hey
1,You have to make sure you come though  lol
1,Totally pumped for the 2009 CMT Music Awards you better watch AND take notes there will be a quiz
1,you betcha
1,so fun catching up
1,watching fhe film Jack love this film
1,This is so addictive   Check it out
1,A Walk To Remember Super Junior Probably the BEST fanmade video Ive seen so far
1,you just made my day  zia   miss you na
1,good song Y
1,Seattle PRIDE will be June 28th at 11am  Come out and support your community March with the marriage equality contingent
1,another majestic place this one is in java indonesia google it and look at the photo
1,ei how u doin today
1,haha well we do sound amazing  i actually love my accent blockHH
1,Goodmorning tweethearts Besides Covina High Schools graduation tonight give me plans for the daynight Todays my last day  school
1,No I just love this
1,best lyrics on the album i start to freak and scream so loud just like the females in the crowd
1,Im in history watching remember the titans and painting my nails while listening to the new jonas brothers cd that came out this morning
1,Dude u r a great artist any way i hope you come to turkey i would realy like to watch your concert it would be awsome
1,You go Francyne
1,your lips my ass they should meet
1,I didnt realize you had a shop  Really cute stuff
1,thank so much
1,you know what guys dont charge him for the crime i guess hahaha love the jb cd
1,As reported by  there are definitely more PCs than Macs I noted that the majority of people with PC are using mouse  semtech2009
1,Busy day  with jarred then band practice rip dustin white
1,I just blocked a hornyhottie so Gross honest to God there are some serious pigs out there No offense to ur cutie Stacy  Lol
1,ehhits a day
1,Haha yess making maria get a twitter
1,woooo elliot minor in 8 days and i got my EM hoodie today im tired and sick so it was a goodquotcheer myself up  quot thing
1,rightclick Repost
1,why yes yes I am
1,yes  But a great mind escape
1,It has been storming all day    I love it   Coming home tomorrow  Time to pack
1,Well figure something out  I just have to be to MCO by 4am Thu   So either I bug you at 1am at your house or see you Wed
1,thanks for the info
1,Thank you  I owe you my sanity tonight
1,commtell09 Patty Perkins VP Desktop Video Manager of Wachovia is up next I understand many SharePoint opps are  happening there
1,to be with you
1,please follow so i can DM for the giveaway
1,oh okay well I did know the first band you mentioned by name but other than that  dont know what they sound like
1,Probably a player signing  Maybe one of the rookies  I can see it from my office
1,I am planning with friends to go to the mall Hope we can do it lt3
1,its a relief Conflict exhausts me
1,sure bighead
1,twitter virginity broken
1,job interviewhere we go
1,Back on the job with some coffee thanks to
1,good   sometimes a shot attention span could be good tho P  dont you agree   letting bright light flow over pie and self
1,new tatoo  love you megggiiiee
1,guilty pleasure  yikes  i wish i could afford this shiz
1,Sweet  Thanks for posting that  And for letting us know
1,Yess Good choice of laptop there typing on a replica myself
1,lol i just realized my room has a color theme green is definitely growing in on me go green hahaha i still love purple though
1,Good morning Chicago I love this city
1,It ends up like that when good and bad collide
1,no I am photographing them
1,I like Poison Ivy the best
1,You could have been born as an Emporer Penguin Minus 200 carrying your kids on your feet no food waterQuit whining
1,on  right now Yay I LOVE reading his blog  I wish I knew what he looked like so I could say hi to him at the park lol
1,Srsly now Im heading to my bed now Goodnight Twitterverse
1,1040 start and 1230 finish tomorrow yesssss lt3 college  x
1,thats polite version  i only heard quotlook much better on my bedroom floorquot how nice that you would hang it up for her
1,for now on ur Queen Spindeezy
1,yet why cant I feel sorry for you  LOL  Seriously tho safe travels
1,new to the twitta someone help
1,sorryyy i gotta go now my mom want to go to this computer ill talk to u some other time
1,What a pretty day  quotJust smilequot
1,Good morning everyone I hope you take some time to be outside amp soak in the beautiful morning before starting work
1,just woke up might watch a chick flick later lol
1,thanks for checking on it
1,Mr president your tweets get cut off i cant read everything send it in an email thanks love
1,revolta follower hj
1,no job actually  but there have been plenty of odd jobs to get me by so far ill be your screen cleaning intern
1,Youre quite welcome
1,What has happened to the worldIm actually doing chores and nobody told me to do them  so proud Lol
1,want FREE Apple products iPhone 3G S macbook pro air iPod touch nano imac click here
1,sick sick sick today but still fingers crossed for eBay job Send good thoughts
1,Getting ready to go out   I have to go to mac to buy brushes
1,loves visitors so if you are goin to the Aerosmith concert you should hit me up
1,Nice out but If I am going to leave here at 6am for a hike I probably should at some point pack for tomorrow
1,At least trees are being spared
1,im following 69 people D how many people are YOU following
1,taking a twit breaka lil blown about my bossbut i still have a job  God is good
1,this is how i feel today  Just a little imagery for everyone lol
1,has a day long date with God today no phones allowed  the world can rage tomorrow but today i am safe
1,that too  Apparently they are out there  but in hiding I suspect
1,no probs kazz huni think theres a new one going on now celebrity twitterer or summat lol dunnoi just voted misha anyways
1,Thanks Alan I need all the fundraising support I can get for my documentary  plus the shirts are cool too
1,thats a perfectly reasonable time of day for me
1,hi  thanks for the follow
1,Going to tampa saturday
1,Ive watched spongebob now Im going 2 find a gr8 coffee spot This didnt even feel like a public holiday
1,Im gonna go take a shower and turn in the last paper i have to deal with
1,Hahaha Cannot luh Ill feel bad coz hes got to work So we talk when we can Guess thats enough  hahaha
1,Try your Google Calendar Its got tasks now
1,Good Morning Lady
1,Saw that amp approved re bike After years of being exceedingly bike UNfriendly we are a changin
1,If youre lucky enough to be different from everybody else dont change
1,LMAO  capture the flagbless their lil playing hearts  and i bet it is hott as heckaint it always
1,happy birthday sir
1,I haz a big piece of carrot cake to take home
1,hih good morning  in austria its 1736 hihi
1,Top Gear returns on Sunday btw
1,Thanks for considering Issuu
1,I would like some please
1,ya got something against Baseball
1,No more drives D license in a moth
1,First day off in over a week Thought id sleep in 4 once but NO my body wouldnt let me sleep past 8am  ugh
1,Relaxin till workout time with Mama this afternoon Goal to run a 5k by end of summer in memory of Greg I think I can I think I can
1,bring on summer
1,busy day at work  So happy the Burkharts are in Houston  I cant wait to see their beautiful home
1,LOL no you didnt break it
1,Then  we head out again Denmark here we come
1,Well its still Tuesday so no worries   Ive made my TWD on Tuesday more times than I can tell you
1,Getting ready to have a picnic in the park w muh partner in crime and bestie Oh Press ctrlt and then ctrlf on itunes for a surprise
1,I see the light at the end of the tunnel  Its so bright   Woo fricken hoo
1,going to south streeeet with kate hopefully my mom gets me the ring i wantt
1,actually my other PSN ID is GUNSnSPEEDO Oo and oh your welcome
1,Do that I appreciate the calories Ill be missing
1,Perfectly normal  Thinking someday technology and social networks will all be hardwired to our brains
1,thanks so much for that acknowledgementwhat is your name
1,drinking water trick totally worked guys Didnt cry once
1,Are you having fun
1,Beach then universal studios Yeeeeeeman
1,haveyouever been alone at night thought you heard footsteps behind and no ones there Fear of the Dark by Iron Maiden
1,Loved the USA hockey team
1,My goal on stocks like MTXX is to help if just one person avoided this stock on my post would make the keystrokes worth it
1,Thats what Im thinking Knock her out of the water very satisfying
1,yeah what about remotes for your car  I couldnt find mine and didnt know how I was gonna get in my carwith your keys dumbass
1,Post your Le Mans 2009 pics  I didnt really shoot much its a bit like Silverstone isnt it  But here ar
1,TRAITOR love you
1,lol i wasnt on about the burns lol i was on about sumone  i know just seen goin off twitter now gonna talk to sophietalk later
1,been playing big surf island and ive unlocked 5 trophies already hah
1,morning
1,I really dont get why Jaylor split  Oh well her and Lucas Till suit   x
1,my cluster is back and Im a happy man
1,is excited for the day
1,Oh my god Cookie dough frijj I just spaffed in my pants  so much joy for 105
1,good luck  what an exciting day   this is when the REAL fun begins youre going to love being a mommy   xo
1,got our yearbooks in school  gonna try and get everyone to sing them wish me luck
1,Back
1,nice new name  how you holding up
1,Hello good morning  i wanna do something today
1,love your tattoo
1,MTO bom esse empire of sportso futebol eh um pouco dificil pq usa o mouse mas eh bem divertido e online
1,haha i wonder why i made her my pic hmm will change it soon
1,Largestfastest hotspot in USA is located in Atlanta Suck it people outside the ATL  JKno idea how to use it
1,I just switched back to Opera using the moi skin Its really fast amp stable to work with  Im loving it
1,scrubbed into surgery today
1,Bloody knackered And still got two hours to go Still last shift tomorrow then a whole week off
1,haha yeah  but of course i love McFly more  lol
1,yeah I got the local Clinical Psychologist job
1,wants the  album
1,Wow 840 am is pretty early for me to wake up Lol
1,dropping molly off getting ice cream with Aaron I want him to meet Manda  spending the night with Meredith and Lauren I missed them dearly
1,Woo hoo Keep working hard my dear
1,yawns
1,Had an injection today Not fun  the rrst of the school day has been good Tonight i am going dancing yey
1,ahhh yay found my missing sunglasses while cleaning my office so happy
1,Lmao  that was cute and awesome  hahahahahahahahahahahahahaha
1,Processing another credit application  More hours to bill
1,Omg I loveeeee frosted flakes with bananas on top I didnt know anybody else knew about that
1,Is back from getting the new jonas brothers cd  on to my iPod it goes
1,I am good thanks    How is Eric I havent heard anything in awhile have u visited him recently  I hope he is feeling better
1,Im praying for you  Hang in there and trust your docs  They know whats best even if they dont act nicely
1,OMG My dad will be having surgery today  Please keep him in your prayers
1,Yeah its very irritating right But with God on your side you cant fail
1,agreed  Soulful eyes
1,is now a dsc student
1,I love all the pics
1,a star bowl she loves stars filled with dark chocolate theres also a card
1,oh yes and btw 800
1,someone wanted a quotCuzzyquot memorabilia
1,So wasnt that funny re the doggie
1,doing another piece of media homework is that all i get now  milkshake diet starts today woop woop
1,finding out what this is
1,OMG how good is ben and jerrys cookie dough icecreamcome one really well goood lol justwaitin to have a BBQ hope its stays like this
1,oooo haha just waking up and ready to eat a delicious breakfast and prepared to go in the afternoon to watch a movie
1,Traveltuesday  Because their tweets are hilarious LOL and theyre great travelers
1,any ideaZ on what to get dad for fathers day  No socks tho
1,God works mysteriouslyi learn that if u think of the world wonderfully you will receive more amp get what u ask for
1,mornin Im enjoying a beautiful morning here in Phoenix not too bad out yet
1,Woke up feeling rested and refreshed today Its about time
1,You just HAD to throw that in Tell her that I say thanks for the eye contact at her Brixton gig managed to get a shot
1,lol I dont blame you its not the safest thing in the world
1,yeah thatd be the one  sorry to be repetitive
1,love the donut and the toadstool
1,Skip the aquarium and check out these fish   A lot cheaper lol
1,Yeah Im being an ass today
1,its sunoudy
1,Newsflash It worked
1,Hi Thanks for the follow Nice website check your carriage returns though the bottom of Website amp brand identity is out
1,got home an hour ago ate lunch watched some tv and now i listening to kelly clarkson no exam tomorrow yay  3 down 4 to go
1,checking my mail
1,done la examen easy peasy  so proud of myself
1,youre the undisputed authority on the topic  goog recognizes
1,Thanks  amp  Thanks That was just what I was looking for
1,thanks Martin not the most imaginative interface but itll do for now
1,Congrats Mike  Way to go
1,OMG Office Space I wanna steal it
1,ahaha nooo you were just away from everyone else i had to see Kara shed die and yess we aree ill see you saturday
1,Hey Im baack And thanks so much for all those kind notes while I was gone They made me smile at times when I needed it
1,Yeah my conscience would be clear in that case
1,Thats my girl  dishing out the quotadvicequot
1,i second that
1,In the garden
1,jo jen by nemuselo zrovna t holce ael co nic
1,Another Commenting Contest  Yay
1,i figured out how to see my tweets and facebook status updates and i was set  the groups seemed like a pain to set up
1,theri tomorrow drinking coffee talking about our most important and favourite issue YOU know what I mean
1,You heard it here first  Were having a girl Hope it has my looks and Wendys brains Kidding babe
1,if ur the lead singer in a band beware falling prey to LSD quotLead Singer Diseasequot   music haveyouever
1,too much ads on my blog
1,NEVEER  I think that you both will get on well with each other
1,ha good job thats right  we gotta throw that bigrun tag EVERYWHERE I wanna get it trending before I start
1,im glad ur doing well
1,WOOOOO Xbox is back
1,Mmmm  That sounds absolutely perfect but my schedule is full I wont have time to lay in bed until Sunday Ugh
1,ReCoVeRiNg FrOm ThE lOnG wEeKeNd
1,
1,Yeah that does work better than just waiting for it  In the end I just wonder if I have time to keep up a good blog
1,Just woke up Having no school is the best feeling ever
1,TheWDBcom  Very cool to hear old Walt interviews
1,Are you ready for your MoJo Makeover Ask me for details
1,Happy 38th Birthday to my boo of alll time Tupac Amaru Shakur
1,happy charitytuesday
